id,name,category,desc,ticket,duration,lat,lng,rating,tags,stay_detail,source,gmaps_url
kawah-putih,Kawah Putih,Alam,Danau kawah vulkanik dengan air berwarna putih kehijauan di ketinggian 2430 mdpl,81000.0,150.0,-7.166,107.4019,4.6,"['sunrise', 'fotogenik', 'dingin']","Parkir & jalan ke kawah 20', keliling kawah & foto 90', istirahat 20', kembali ke parkir 20'",manual,https://www.google.com/maps/search/?api=1&query=Kawah%20Putih%2C%20Bandung
kebun-teh-rancabali,Kebun Teh Rancabali,Alam,Hamparan kebun teh hijau di Ciwidey dengan udara sejuk dan pemandangan luas,25000.0,105.0,-7.1432,107.4106,4.5,"['hijau', 'fotogenik', 'sejuk']","Jalan ke area kebun 15', jalan-jalan & foto di perkebunan 60', duduk santai 30'",manual,https://www.google.com/maps/search/?api=1&query=Kebun%20Teh%20Rancabali%2C%20Bandung
stone-garden-padalarang,Stone Garden Padalarang,Alam,"Taman batu purba dengan formasi karst unik di kawasan Citatah, Padalarang",15000.0,105.0,-6.8323,107.4709,4.4,"['batu', 'fotogenik', 'karst']","Naik ke area batu 20', eksplorasi formasi & foto 60', istirahat 25'",manual,https://www.google.com/maps/search/?api=1&query=Stone%20Garden%20Padalarang%2C%20Bandung
tebing-keraton,Tebing Keraton,Alam,"Tebing dengan view hutan pinus Dago Pakar, populer untuk sunrise",15000.0,120.0,-6.8359,107.663,4.5,"['sunrise', 'hiking', 'tebing']","Hiking ke tebing 30', menikmati view & foto 45', duduk santai 25', turun kembali 20'",manual,https://www.google.com/maps/search/?api=1&query=Tebing%20Keraton%2C%20Bandung
tangkuban-perahu,Tangkuban Perahu,Alam,Gunung berapi aktif dengan kawah ratu yang ikonik di utara Bandung,30000.0,135.0,-6.7597,107.6098,4.5,"['gunung', 'kawah', 'legendaris']","Parkir & jalan ke kawah ratu 20', lihat kawah & foto 45', jalan ke kawah domas 30', kembali 25', beli oleh-oleh 15'",manual,https://www.google.com/maps/search/?api=1&query=Tangkuban%20Perahu%2C%20Bandung
floating-market-lembang,Floating Market Lembang,Kuliner,Pasar terapung dengan beragam jajanan tradisional Sunda di atas perahu,30000.0,105.0,-6.8121,107.6178,4.3,"['jajanan', 'keluarga', 'fotogenik']","Keliling pasar & pilih makanan 30', antri & beli jajanan 20', makan di perahu 35', foto-foto 20'",manual,https://www.google.com/maps/search/?api=1&query=Floating%20Market%20Lembang%2C%20Bandung
jalan-braga,Jalan Braga,Kuliner,"Kawasan bersejarah dengan kafe, resto, dan bangunan kolonial khas Bandung tempo dulu",0.0,100.0,-6.916,107.6094,4.4,"['heritage', 'kafe', 'malam']","Jalan-jalan sepanjang Braga 25', pilih & masuk kafe 10', pesan & tunggu 15', makan/ngopi 35', foto arsitektur 15'",manual,https://www.google.com/maps/search/?api=1&query=Jalan%20Braga%2C%20Bandung
punclut-bukit-bintang,Punclut Bukit Bintang,Kuliner,"Spot makan dengan view kota Bandung dari ketinggian, populer untuk dinner romantis",0.0,110.0,-6.8528,107.6235,4.3,"['view', 'romantis', 'malam']","Cari tempat duduk & pesan 15', tunggu makanan 20', makan sambil nikmati view 45', foto & santai 30'",manual,https://www.google.com/maps/search/?api=1&query=Punclut%20Bukit%20Bintang%2C%20Bandung
saung-angklung-udjo,Saung Angklung Udjo,Budaya,Pusat pertunjukan dan pelatihan angklung — warisan budaya Sunda dunia,75000.0,120.0,-6.8924,107.6537,4.7,"['pertunjukan', 'edukasi', 'tradisi']","Registrasi & duduk 15', pertunjukan angklung 60', workshop interaktif 30', beli merchandise 15'",manual,https://www.google.com/maps/search/?api=1&query=Saung%20Angklung%20Udjo%2C%20Bandung
gedung-sate,Gedung Sate,Budaya,Gedung pemerintahan ikonik dengan arsitektur Indo-Eropa dan ornamen tusuk sate,5000.0,75.0,-6.9024,107.6188,4.5,"['heritage', 'ikon', 'arsitektur']","Registrasi 10', tur dalam gedung & museum 40', foto eksterior & taman 25'",manual,https://www.google.com/maps/search/?api=1&query=Gedung%20Sate%2C%20Bandung
museum-geologi,Museum Geologi,Budaya,"Museum koleksi fosil, mineral, dan sejarah geologi nusantara",3000.0,90.0,-6.9006,107.6225,4.5,"['edukasi', 'fosil', 'sains']","Beli tiket & antri 10', keliling lantai 1 (fosil) 30', keliling lantai 2 (mineral) 30', baca diorama & foto 20'",manual,https://www.google.com/maps/search/?api=1&query=Museum%20Geologi%2C%20Bandung
farmhouse-lembang,Farmhouse Lembang,Wisata,"Wisata bertema Eropa dengan rumah hobbit, peternakan mini, dan susu segar",35000.0,135.0,-6.8324,107.6122,4.3,"['keluarga', 'fotogenik', 'eropa']","Antri masuk 15', foto rumah hobbit & spot Eropa 40', petting zoo 25', minum susu & jajan 30', belanja souvenir 25'",manual,https://www.google.com/maps/search/?api=1&query=Farmhouse%20Lembang%2C%20Bandung
dusun-bambu,Dusun Bambu,Wisata,Resort & taman wisata keluarga bertema alam pegunungan dengan playground,25000.0,150.0,-6.8005,107.5701,4.4,"['keluarga', 'alam', 'kuliner']","Masuk & jalan ke area utama 15', playground anak 40', makan di lutung kasarung 45', keliling danau & foto 30', istirahat 20'",manual,https://www.google.com/maps/search/?api=1&query=Dusun%20Bambu%2C%20Bandung
trans-studio-bandung,Trans Studio Bandung,Wisata,Theme park indoor terbesar di Indonesia dengan wahana berstandar internasional,280000.0,270.0,-6.9273,107.6364,4.5,"['theme-park', 'keluarga', 'indoor']","Beli tiket & antri masuk 20', wahana utama (3-4 rides + antri) 150', pertunjukan 40', makan & istirahat 40', foto-foto 20'",manual,https://www.google.com/maps/search/?api=1&query=Trans%20Studio%20Bandung%2C%20Bandung
cihampelas-walk,Cihampelas Walk,Belanja,"Mall outdoor populer di Cihampelas, perpaduan factory outlet dan gaya hidup",0.0,120.0,-6.8946,107.6029,4.3,"['mall', 'kuliner', 'fashion']","Parkir & masuk 10', keliling outlet fashion 50', coba baju & tawar 30', makan/ngopi di food court 30'",manual,https://www.google.com/maps/search/?api=1&query=Cihampelas%20Walk%2C%20Bandung
pasar-baru-trade-center,Pasar Baru Trade Center,Belanja,Pusat grosir tekstil dan fashion legendaris di pusat kota Bandung,0.0,120.0,-6.9166,107.6075,4.2,"['grosir', 'fashion', 'tradisional']","Parkir & masuk 10', keliling lantai tekstil 40', tawar-menawar 30', pilih & bayar 20', bawa ke mobil 20'",manual,https://www.google.com/maps/search/?api=1&query=Pasar%20Baru%20Trade%20Center%2C%20Bandung
situ-patenggang,Situ Patenggang,Alam,Danau alami di Ciwidey dengan legenda Batu Cinta dan perahu wisata,30000.0,135.0,-7.1769,107.3656,4.5,"['danau', 'legenda', 'perahu']","Beli tiket & jalan ke dermaga 15', naik perahu ke Batu Cinta 30', foto & keliling 45', kembali & istirahat 30', oleh-oleh 15'",manual,https://www.google.com/maps/search/?api=1&query=Situ%20Patenggang%2C%20Bandung
curug-dago,Curug Dago,Alam,Air terjun di kawasan Taman Hutan Raya Djuanda dengan jejak prasasti raja Thailand,17000.0,105.0,-6.854,107.6299,4.2,"['air-terjun', 'hiking', 'sejarah']","Hiking turun ke air terjun 25', nikmati & foto 30', lihat prasasti 15', naik kembali 25', istirahat 10'",manual,https://www.google.com/maps/search/?api=1&query=Curug%20Dago%2C%20Bandung
curug-cimahi,Curug Cimahi,Alam,Air terjun pelangi setinggi 87 meter di kawasan Cisarua,15000.0,90.0,-6.8033,107.5503,4.4,"['air-terjun', 'pelangi', 'fotogenik']","Turun tangga ke viewpoint 20', menikmati view & foto 30', istirahat 15', naik kembali 25'",manual,https://www.google.com/maps/search/?api=1&query=Curug%20Cimahi%2C%20Bandung
tahura-djuanda,Taman Hutan Raya Ir. H. Djuanda,Alam,"Hutan kota dengan goa Jepang, goa Belanda, dan trek alam di Dago Pakar",17000.0,150.0,-6.8579,107.6299,4.5,"['hutan', 'goa', 'hiking']","Masuk & jalan ke goa Jepang 20', eksplorasi goa 25', trek ke goa Belanda 30', keliling taman 40', foto 20', kembali 15'",manual,https://www.google.com/maps/search/?api=1&query=Taman%20Hutan%20Raya%20Ir.%20H.%20Djuanda%2C%20Bandung
gunung-batu-lembang,Gunung Batu Lembang,Alam,Bukit batu vulkanik kecil dengan view 360 derajat Lembang dan sekitarnya,10000.0,105.0,-6.8208,107.6238,4.3,"['sunrise', 'hiking', 'view']","Persiapan & mulai hiking 10', naik ke puncak 30', foto & view 360° 30', turun 25', istirahat 10'",manual,https://www.google.com/maps/search/?api=1&query=Gunung%20Batu%20Lembang%2C%20Bandung
situ-lembang,Situ Lembang,Alam,"Danau yang dikelilingi hutan pinus, tenang dan asri di kawasan Lembang",10000.0,90.0,-6.788,107.6063,4.3,"['danau', 'tenang', 'alam']","Parkir & jalan ke danau 10', keliling danau & foto 40', santai di bawah pinus 30', kembali 10'",manual,https://www.google.com/maps/search/?api=1&query=Situ%20Lembang%2C%20Bandung
curug-malela,Curug Malela,Alam,Air terjun bertingkat luas yang dijuluki Niagara mini-nya Bandung Barat,15000.0,180.0,-6.9181,107.3119,4.5,"['air-terjun', 'petualangan', 'alam-liar']","Trek ke air terjun 40', nikmati & foto 45', main air 30', istirahat & makan bekal 25', trek kembali 40'",manual,https://www.google.com/maps/search/?api=1&query=Curug%20Malela%2C%20Bandung
ranca-upas,Ranca Upas,Alam,Bumi perkemahan dengan penangkaran rusa di tengah hutan pinus Ciwidey,25000.0,135.0,-7.1432,107.3779,4.4,"['camping', 'rusa', 'hutan']","Masuk & jalan ke penangkaran 15', beri makan rusa 35', keliling hutan pinus 40', istirahat & jajan 30', kembali 15'",manual,https://www.google.com/maps/search/?api=1&query=Ranca%20Upas%2C%20Bandung
warung-nasi-ampera,Warung Nasi Ampera,Kuliner,Rumah makan Sunda legendaris dengan lalapan dan sambal khas,50000.0,75.0,-6.9182,107.6101,4.3,"['sunda', 'legendaris', 'halal']","Antri & cari meja 15', pilih lauk & pesan 10', makan nasi Sunda 35', bayar 15'",manual,https://www.google.com/maps/search/?api=1&query=Warung%20Nasi%20Ampera%2C%20Bandung
mie-kocok-mang-dadeng,Mie Kocok Mang Dadeng,Kuliner,Mie kocok khas Bandung dengan kuah kaldu sapi gurih sejak 1960-an,35000.0,60.0,-6.9075,107.6094,4.5,"['mie', 'khas-bandung', 'legendaris']","Antri (bisa ramai) 15', pesan & tunggu masak 10', makan mie kocok 25', bayar 10'",manual,https://www.google.com/maps/search/?api=1&query=Mie%20Kocok%20Mang%20Dadeng%2C%20Bandung
kupat-tahu-gempol,Kupat Tahu Gempol,Kuliner,"Kupat tahu dengan bumbu kacang khas pasar Gempol, sarapan favorit warga",20000.0,50.0,-6.9075,107.6135,4.4,"['sarapan', 'tradisional', 'murah']","Antri 10', pesan & tunggu 10', makan kupat tahu 20', bayar 10'",manual,https://www.google.com/maps/search/?api=1&query=Kupat%20Tahu%20Gempol%2C%20Bandung
batagor-riri,Batagor Riri,Kuliner,Batagor renyah dengan saus kacang manis-pedas khas Burangrang,25000.0,50.0,-6.9223,107.6116,4.4,"['batagor', 'khas-bandung', 'jajanan']","Antri beli 10', tunggu goreng fresh 10', makan batagor 20', beli oleh-oleh 10'",manual,https://www.google.com/maps/search/?api=1&query=Batagor%20Riri%2C%20Bandung
warung-koffie-batavia,Warung Koffie Batavia,Kuliner,Kafe bernuansa kolonial dengan aneka kopi nusantara di Jalan Braga,60000.0,90.0,-6.9161,107.6094,4.4,"['kopi', 'heritage', 'kafe']","Masuk & pilih meja 10', pesan kopi & makanan 10', tunggu 15', ngopi santai 40', bayar 15'",manual,https://www.google.com/maps/search/?api=1&query=Warung%20Koffie%20Batavia%2C%20Bandung
sindang-reret,Restoran Sindang Reret,Kuliner,Restoran Sunda dengan saung lesehan dan menu nasi liwet di Cikole,75000.0,100.0,-6.7778,107.6499,4.3,"['sunda', 'saung', 'keluarga']","Cari saung & duduk 10', pesan 10', tunggu nasi liwet 20', makan bersama 40', foto & istirahat 20'",manual,https://www.google.com/maps/search/?api=1&query=Restoran%20Sindang%20Reret%2C%20Bandung
the-valley-bistro,The Valley Bistro Cafe,Kuliner,Bistro berlokasi di lembah Dago dengan view dramatis kota Bandung,100000.0,105.0,-6.858,107.629,4.4,"['bistro', 'view', 'romantis']","Reservasi/antri meja outdoor 15', pesan & tunggu 20', makan & nikmati view 45', foto 15', bayar 10'",manual,https://www.google.com/maps/search/?api=1&query=The%20Valley%20Bistro%20Cafe%2C%20Bandung
museum-konferensi-asia-afrika,Museum Konferensi Asia Afrika,Budaya,"Museum sejarah KAA 1955 di Gedung Merdeka, Jalan Asia Afrika",0.0,90.0,-6.9211,107.6098,4.6,"['sejarah', 'diplomasi', 'gratis']","Registrasi 10', keliling ruang konferensi & diorama 40', baca panel sejarah 25', foto 15'",manual,https://www.google.com/maps/search/?api=1&query=Museum%20Konferensi%20Asia%20Afrika%2C%20Bandung
museum-sri-baduga,Museum Sri Baduga,Budaya,Museum koleksi etnografi Sunda di kawasan Tegallega,5000.0,90.0,-6.9367,107.5996,4.3,"['sunda', 'edukasi', 'etnografi']","Beli tiket 10', keliling koleksi etnografi 40', area keris & wayang 25', foto 15'",manual,https://www.google.com/maps/search/?api=1&query=Museum%20Sri%20Baduga%2C%20Bandung
museum-pos-indonesia,Museum Pos Indonesia,Budaya,"Koleksi prangko, alat pos antik, dan sejarah perposan nasional",0.0,60.0,-6.9018,107.6193,4.2,"['sejarah', 'prangko', 'gratis']","Masuk & registrasi 10', koleksi prangko & alat pos 30', ruang sejarah 15', foto 5'",manual,https://www.google.com/maps/search/?api=1&query=Museum%20Pos%20Indonesia%2C%20Bandung
monumen-perjuangan-jabar,Monumen Perjuangan Rakyat Jawa Barat,Budaya,Monumen perjuangan dengan diorama sejarah di seberang Gasibu,5000.0,75.0,-6.8924,107.6207,4.3,"['sejarah', 'monumen', 'edukasi']","Beli tiket 10', naik ke lantai diorama 15', lihat semua diorama 35', foto monumen 15'",manual,https://www.google.com/maps/search/?api=1&query=Monumen%20Perjuangan%20Rakyat%20Jawa%20Barat%2C%20Bandung
taman-budaya-jawa-barat,Taman Budaya Jawa Barat,Budaya,Pusat pertunjukan seni Sunda dengan amphitheater dan galeri,10000.0,90.0,-6.8556,107.6202,4.2,"['pertunjukan', 'seni', 'sunda']","Masuk & lihat jadwal 10', keliling galeri seni 30', nonton pertunjukan 35', foto amphitheater 15'",manual,https://www.google.com/maps/search/?api=1&query=Taman%20Budaya%20Jawa%20Barat%2C%20Bandung
vihara-vipassana-graha,Vihara Vipassana Graha,Budaya,Vihara Buddhis dengan arsitektur khas dan taman meditasi di Lembang,0.0,60.0,-6.7949,107.6242,4.5,"['religi', 'tenang', 'arsitektur']","Masuk & lepas sepatu 5', keliling vihara & taman 30', meditasi/duduk tenang 15', foto 10'",manual,https://www.google.com/maps/search/?api=1&query=Vihara%20Vipassana%20Graha%2C%20Bandung
masjid-raya-bandung,Masjid Raya Bandung,Budaya,Masjid agung kota Bandung dengan dua menara ikonik di Alun-Alun,0.0,60.0,-6.9215,107.6071,4.7,"['religi', 'ikon', 'alun-alun']","Wudhu & persiapan 10', sholat/keliling interior 25', foto eksterior & menara 15', jalan di alun-alun 10'",manual,https://www.google.com/maps/search/?api=1&query=Masjid%20Raya%20Bandung%2C%20Bandung
the-lodge-maribaya,The Lodge Maribaya,Wisata,Spot foto ikonik dengan ayunan langit dan sky bridge di hutan pinus,50000.0,135.0,-6.8154,107.6593,4.4,"['fotogenik', 'ayunan', 'hutan']","Antri masuk 15', antri & naik sky bridge 25', antri & foto ayunan 25', spot foto lain 35', jajan 20', kembali 15'",manual,https://www.google.com/maps/search/?api=1&query=The%20Lodge%20Maribaya%2C%20Bandung
kampung-daun,Kampung Daun Culture Gallery,Wisata,Resto-galeri bertema desa Sunda dengan saung di tengah hutan Cihideung,30000.0,120.0,-6.8403,107.5786,4.5,"['sunda', 'saung', 'romantis']","Masuk & jalan ke saung 15', pesan makanan 10', tunggu masakan 20', makan di saung 40', keliling galeri 20', foto 15'",manual,https://www.google.com/maps/search/?api=1&query=Kampung%20Daun%20Culture%20Gallery%2C%20Bandung
observatorium-bosscha,Observatorium Bosscha,Wisata,Observatorium tertua di Indonesia dengan teleskop bersejarah di Lembang,20000.0,105.0,-6.8244,107.6166,4.5,"['edukasi', 'astronomi', 'sejarah']","Registrasi & kumpul grup 15', presentasi astronomi 30', lihat teleskop 20', tanya jawab 15', foto & keliling 15', kembali 10'",manual,https://www.google.com/maps/search/?api=1&query=Observatorium%20Bosscha%2C%20Bandung
kebun-binatang-bandung,Kebun Binatang Bandung,Wisata,Kebun binatang klasik kota dengan koleksi satwa nusantara,50000.0,165.0,-6.8919,107.6067,4.0,"['keluarga', 'satwa', 'edukasi']","Beli tiket & masuk 15', area mamalia 35', reptil & burung 30', primata 25', istirahat & makan 30', souvenir 15', kembali 15'",manual,https://www.google.com/maps/search/?api=1&query=Kebun%20Binatang%20Bandung%2C%20Bandung
taman-film-bandung,Taman Film Bandung,Wisata,Taman tematik di bawah jalan layang Pasupati dengan layar film outdoor,0.0,60.0,-6.8959,107.6125,4.2,"['taman', 'gratis', 'kreatif']","Jalan masuk & cari spot 10', nonton film pendek 20', foto mural & instalasi 20', santai 10'",manual,https://www.google.com/maps/search/?api=1&query=Taman%20Film%20Bandung%2C%20Bandung
sky-lantern-lembang,Lembang Park & Zoo,Wisata,Taman wisata dengan kebun binatang mini dan wahana keluarga di Lembang,50000.0,150.0,-6.8137,107.6172,4.3,"['keluarga', 'satwa', 'wahana']","Antri masuk 15', kebun binatang mini 35', wahana anak 30', taman & foto 25', makan & istirahat 30', belanja 15'",manual,https://www.google.com/maps/search/?api=1&query=Lembang%20Park%20%26%20Zoo%2C%20Bandung
orchid-forest-cikole,Orchid Forest Cikole,Wisata,Taman hutan pinus dengan koleksi anggrek dan wood bridge fotogenik,50000.0,120.0,-6.7796,107.6531,4.5,"['fotogenik', 'anggrek', 'hutan-pinus']","Masuk & jalan ke bridge 15', foto di wood bridge 20', kebun anggrek 30', hammock & hutan pinus 30', jajan 25'",manual,https://www.google.com/maps/search/?api=1&query=Orchid%20Forest%20Cikole%2C%20Bandung
btc-fashion-mall,BTC Fashion Mall,Belanja,Mall fashion grosir di kawasan Pasteur dengan pilihan harga ekonomis,0.0,105.0,-6.8917,107.5745,4.0,"['fashion', 'grosir', 'mall']","Parkir & masuk 10', keliling lantai fashion 40', coba & pilih baju 30', tawar & bayar 15', kembali 10'",manual,https://www.google.com/maps/search/?api=1&query=BTC%20Fashion%20Mall%2C%20Bandung
rumah-mode,Outlet Rumah Mode,Belanja,Factory outlet veteran di Setiabudhi dengan koleksi branded berdiskon,0.0,105.0,-6.8601,107.5926,4.3,"['factory-outlet', 'branded', 'diskon']","Parkir & masuk 10', keliling rak branded 40', fitting room 25', antri kasir 20', kembali 10'",manual,https://www.google.com/maps/search/?api=1&query=Outlet%20Rumah%20Mode%2C%20Bandung
23-paskal,23 Paskal Shopping Center,Belanja,"Mall modern dekat stasiun dengan tenant fashion, kuliner, dan bioskop",0.0,120.0,-6.9135,107.5969,4.4,"['mall', 'modern', 'kuliner']","Parkir & masuk 10', window shopping 30', belanja fashion 30', makan di food court 35', bayar parkir 15'",manual,https://www.google.com/maps/search/?api=1&query=23%20Paskal%20Shopping%20Center%2C%20Bandung
pasar-baru-lembang,Pasar Baru Lembang,Belanja,"Pasar tradisional Lembang dengan sayur, buah, dan oleh-oleh khas",0.0,75.0,-6.8126,107.6178,4.2,"['pasar', 'tradisional', 'oleh-oleh']","Parkir & masuk pasar 10', keliling sayur & buah 20', beli oleh-oleh 25', tawar harga 10', kembali 10'",manual,https://www.google.com/maps/search/?api=1&query=Pasar%20Baru%20Lembang%2C%20Bandung
cibaduyut,Cibaduyut Shoes Center,Belanja,Sentra produksi sepatu kulit handmade tertua di Indonesia,0.0,105.0,-6.9624,107.6021,4.2,"['sepatu', 'kulit', 'handmade']","Parkir & jalan ke sentra 10', keliling toko sepatu 35', coba model 25', tawar & bayar 20', bungkus 15'",manual,https://www.google.com/maps/search/?api=1&query=Cibaduyut%20Shoes%20Center%2C%20Bandung
paris-van-java,Paris Van Java Mall,Belanja,Mall lifestyle outdoor di Sukajadi dengan suasana al-fresco,0.0,120.0,-6.8908,107.5957,4.5,"['mall', 'outdoor', 'lifestyle']","Parkir & masuk 10', jalan outdoor area 25', belanja tenant 35', ngopi di kafe 30', bayar parkir 10', kembali 10'",manual,https://www.google.com/maps/search/?api=1&query=Paris%20Van%20Java%20Mall%2C%20Bandung
trans-studio-mall,Trans Studio Mall Bandung,Belanja,Mall premium yang terhubung dengan Trans Studio theme park,0.0,120.0,-6.9265,107.6364,4.5,"['mall', 'premium', 'kuliner']","Parkir & masuk 10', keliling tenant premium 35', belanja 30', makan di restoran 30', bayar parkir 15'",manual,https://www.google.com/maps/search/?api=1&query=Trans%20Studio%20Mall%20Bandung%2C%20Bandung
osm-node-546560517,Gunung Kendang,Alam,Destinasi wisata Alam di Bandung,,,-7.2452629,107.7085691,,[],,overpass,https://www.google.com/maps/search/?api=1&query=Gunung%20Kendang%2C%20Bandung
osm-node-1070155133,Pasir Leutik,Alam,Destinasi wisata Alam di Bandung,,,-6.910556,107.872778,,[],,overpass,https://www.google.com/maps/search/?api=1&query=Pasir%20Leutik%2C%20Bandung
osm-node-1070155210,Gunung Leutik,Alam,Destinasi wisata Alam di Bandung,,,-6.910556,107.521944,,[],,overpass,https://www.google.com/maps/search/?api=1&query=Gunung%20Leutik%2C%20Bandung
osm-node-1070155328,Gunung Padang,Alam,Destinasi wisata Alam di Bandung,,,-7.052778,107.416389,,[],,overpass,https://www.google.com/maps/search/?api=1&query=Gunung%20Padang%2C%20Bandung
osm-node-1070155336,Gunung Cibatuipis,Alam,Destinasi wisata Alam di Bandung,,,-7.1765,107.7607,,[],,overpass,https://www.google.com/maps/search/?api=1&query=Gunung%20Cibatuipis%2C%20Bandung
osm-node-1070155556,Gunung Canggok,Alam,Destinasi wisata Alam di Bandung,,,-6.774167,107.766111,,[],,overpass,https://www.google.com/maps/search/?api=1&query=Gunung%20Canggok%2C%20Bandung
osm-node-1070155593,Pasir Karasak,Alam,Destinasi wisata Alam di Bandung,,,-7.2407566,107.4147288,,[],,overpass,https://www.google.com/maps/search/?api=1&query=Pasir%20Karasak%2C%20Bandung
osm-node-1070155668,Gunung Waringin,Alam,Destinasi wisata Alam di Bandung,,,-7.1952,107.4944,,[],,overpass,https://www.google.com/maps/search/?api=1&query=Gunung%20Waringin%2C%20Bandung
osm-node-1070155939,Gunung Ranggasena,Alam,Destinasi wisata Alam di Bandung,,,-7.0212,107.4233,,[],,overpass,https://www.google.com/maps/search/?api=1&query=Gunung%20Ranggasena%2C%20Bandung
osm-node-1070156259,Gunung Cilutung,Alam,Destinasi wisata Alam di Bandung,,,-7.1392,107.8095,,[],,overpass,https://www.google.com/maps/search/?api=1&query=Gunung%20Cilutung%2C%20Bandung
osm-node-1070156369,Gunung Cayur,Alam,Destinasi wisata Alam di Bandung,,,-7.0713,107.4741,,[],,overpass,https://www.google.com/maps/search/?api=1&query=Gunung%20Cayur%2C%20Bandung
osm-node-1070156703,Gunung Haruman,Alam,Destinasi wisata Alam di Bandung,,,-7.1405,107.8675,,[],,overpass,https://www.google.com/maps/search/?api=1&query=Gunung%20Haruman%2C%20Bandung
osm-node-1070156726,Pasir Badak,Alam,Destinasi wisata Alam di Bandung,,,-7.0403,107.4281,,[],,overpass,https://www.google.com/maps/search/?api=1&query=Pasir%20Badak%2C%20Bandung
osm-node-1070156853,Pasir Ekek,Alam,Destinasi wisata Alam di Bandung,,,-6.865278,107.445556,,[],,overpass,https://www.google.com/maps/search/?api=1&query=Pasir%20Ekek%2C%20Bandung
osm-node-1070156880,Gunung Benteng,Alam,Destinasi wisata Alam di Bandung,,,-6.767778,107.4875,,[],,overpass,https://www.google.com/maps/search/?api=1&query=Gunung%20Benteng%2C%20Bandung
osm-node-1070156882,Gunung Malahaji,Alam,Destinasi wisata Alam di Bandung,,,-7.114722,107.718056,,[],,overpass,https://www.google.com/maps/search/?api=1&query=Gunung%20Malahaji%2C%20Bandung
osm-node-1070156908,Pasir Nanggerang,Alam,Destinasi wisata Alam di Bandung,,,-6.815556,107.483611,,[],,overpass,https://www.google.com/maps/search/?api=1&query=Pasir%20Nanggerang%2C%20Bandung
osm-node-1070156954,Pasir Serewen,Alam,Destinasi wisata Alam di Bandung,,,-6.993889,107.891944,,[],,overpass,https://www.google.com/maps/search/?api=1&query=Pasir%20Serewen%2C%20Bandung
osm-node-1070157006,Gunung Bulangur,Alam,Destinasi wisata Alam di Bandung,,,-6.968889,107.51,,[],,overpass,https://www.google.com/maps/search/?api=1&query=Gunung%20Bulangur%2C%20Bandung
osm-node-1070157032,Gunung Hawu,Alam,Destinasi wisata Alam di Bandung,,,-6.835145,107.4564868,,[],,overpass,https://www.google.com/maps/search/?api=1&query=Gunung%20Hawu%2C%20Bandung
osm-node-1070157086,Pasir Kerak,Alam,Destinasi wisata Alam di Bandung,,,-7.0148,107.3959,,[],,overpass,https://www.google.com/maps/search/?api=1&query=Pasir%20Kerak%2C%20Bandung
osm-node-1070157110,Gunung Putri,Alam,Destinasi wisata Alam di Bandung,,,-6.811667,107.755,,[],,overpass,https://www.google.com/maps/search/?api=1&query=Gunung%20Putri%2C%20Bandung
osm-node-1070157126,Gunung Buluh,Alam,Destinasi wisata Alam di Bandung,,,-6.7992705,107.6697873,,[],,overpass,https://www.google.com/maps/search/?api=1&query=Gunung%20Buluh%2C%20Bandung
osm-node-1070157182,Pasir Singacandra,Alam,Destinasi wisata Alam di Bandung,,,-6.789167,107.403333,,[],,overpass,https://www.google.com/maps/search/?api=1&query=Pasir%20Singacandra%2C%20Bandung
osm-node-1070157309,Pasir Nyangegeng,Alam,Destinasi wisata Alam di Bandung,,,-6.968056,107.370556,,[],,overpass,https://www.google.com/maps/search/?api=1&query=Pasir%20Nyangegeng%2C%20Bandung
osm-node-1070157314,Pasir Ayakan,Alam,Destinasi wisata Alam di Bandung,,,-7.1217,107.8721,,[],,overpass,https://www.google.com/maps/search/?api=1&query=Pasir%20Ayakan%2C%20Bandung
osm-node-1070157520,Pasir Seuseupan,Alam,Destinasi wisata Alam di Bandung,,,-6.870278,107.409167,,[],,overpass,https://www.google.com/maps/search/?api=1&query=Pasir%20Seuseupan%2C%20Bandung
osm-node-1070157838,Pasir Bango,Alam,Destinasi wisata Alam di Bandung,,,-6.903056,107.388889,,[],,overpass,https://www.google.com/maps/search/?api=1&query=Pasir%20Bango%2C%20Bandung
osm-node-1070158171,Gunung Batumaseuk,Alam,Destinasi wisata Alam di Bandung,,,-6.995833,107.461944,,[],,overpass,https://www.google.com/maps/search/?api=1&query=Gunung%20Batumaseuk%2C%20Bandung
osm-node-1070158549,Pasir Wangun,Alam,Destinasi wisata Alam di Bandung,,,-6.979722,107.363056,,[],,overpass,https://www.google.com/maps/search/?api=1&query=Pasir%20Wangun%2C%20Bandung
osm-node-1070158653,Gunung Puncaklingga,Alam,Destinasi wisata Alam di Bandung,,,-7.095278,107.498889,,[],,overpass,https://www.google.com/maps/search/?api=1&query=Gunung%20Puncaklingga%2C%20Bandung
osm-node-1070158816,Gunung Tilu,Alam,Destinasi wisata Alam di Bandung,,,-7.1063,107.3861,,[],,overpass,https://www.google.com/maps/search/?api=1&query=Gunung%20Tilu%2C%20Bandung
osm-node-1070158835,Gunung Maud,Alam,Destinasi wisata Alam di Bandung,,,-7.2225,107.4873,,[],,overpass,https://www.google.com/maps/search/?api=1&query=Gunung%20Maud%2C%20Bandung
osm-node-1070158953,Pasir Maung,Alam,Destinasi wisata Alam di Bandung,,,-7.1122,107.8312,,[],,overpass,https://www.google.com/maps/search/?api=1&query=Pasir%20Maung%2C%20Bandung
osm-node-1070159014,Gunung Sirahcikancung,Alam,Destinasi wisata Alam di Bandung,,,-7.0329,107.8381,,[],,overpass,https://www.google.com/maps/search/?api=1&query=Gunung%20Sirahcikancung%2C%20Bandung
osm-node-1070159060,Gunung Gagak,Alam,Destinasi wisata Alam di Bandung,,,-7.212778,107.731389,,[],,overpass,https://www.google.com/maps/search/?api=1&query=Gunung%20Gagak%2C%20Bandung
osm-node-1070159062,Gunung Karang,Alam,Destinasi wisata Alam di Bandung,,,-6.818056,107.462778,,[],,overpass,https://www.google.com/maps/search/?api=1&query=Gunung%20Karang%2C%20Bandung
osm-node-1070159080,Gunung Kencana,Alam,Destinasi wisata Alam di Bandung,,,-6.765,107.868333,,[],,overpass,https://www.google.com/maps/search/?api=1&query=Gunung%20Kencana%2C%20Bandung
osm-node-1070159229,Pasir Kolecer,Alam,Destinasi wisata Alam di Bandung,,,-6.803889,107.431389,,[],,overpass,https://www.google.com/maps/search/?api=1&query=Pasir%20Kolecer%2C%20Bandung
osm-node-1070159289,Gunung Gadung,Alam,Destinasi wisata Alam di Bandung,,,-7.0274,107.4869,,[],,overpass,https://www.google.com/maps/search/?api=1&query=Gunung%20Gadung%2C%20Bandung
osm-node-1070159337,Pasir Bojongloa,Alam,Destinasi wisata Alam di Bandung,,,-6.795833,107.494722,,[],,overpass,https://www.google.com/maps/search/?api=1&query=Pasir%20Bojongloa%2C%20Bandung
osm-node-1070159341,Gunung Dogdog,Alam,Destinasi wisata Alam di Bandung,,,-6.8112933,107.8365638,,[],,overpass,https://www.google.com/maps/search/?api=1&query=Gunung%20Dogdog%2C%20Bandung
osm-node-1070159386,Pasir Goong,Alam,Destinasi wisata Alam di Bandung,,,-6.894167,107.393611,,[],,overpass,https://www.google.com/maps/search/?api=1&query=Pasir%20Goong%2C%20Bandung
osm-node-1070159390,Pasir Tonjong,Alam,Destinasi wisata Alam di Bandung,,,-6.795556,107.439444,,[],,overpass,https://www.google.com/maps/search/?api=1&query=Pasir%20Tonjong%2C%20Bandung
osm-node-1070159443,Gunung Cakra,Alam,Destinasi wisata Alam di Bandung,,,-7.1325,107.8173,,[],,overpass,https://www.google.com/maps/search/?api=1&query=Gunung%20Cakra%2C%20Bandung
osm-node-1070159492,Gunung Gadung,Alam,Destinasi wisata Alam di Bandung,,,-7.0319,107.3921,,[],,overpass,https://www.google.com/maps/search/?api=1&query=Gunung%20Gadung%2C%20Bandung
osm-node-1070159495,Gunung Kerud,Alam,Destinasi wisata Alam di Bandung,,,-7.0083,107.4806,,[],,overpass,https://www.google.com/maps/search/?api=1&query=Gunung%20Kerud%2C%20Bandung
osm-node-1070159559,Pasir Bengkung,Alam,Destinasi wisata Alam di Bandung,,,-6.7875,107.500278,,[],,overpass,https://www.google.com/maps/search/?api=1&query=Pasir%20Bengkung%2C%20Bandung
osm-node-1070159573,Gunung Aul,Alam,Destinasi wisata Alam di Bandung,,,-7.012222,107.485278,,[],,overpass,https://www.google.com/maps/search/?api=1&query=Gunung%20Aul%2C%20Bandung
osm-node-1070159632,Gunung Kufa,Alam,Destinasi wisata Alam di Bandung,,,-7.228056,107.743611,,[],,overpass,https://www.google.com/maps/search/?api=1&query=Gunung%20Kufa%2C%20Bandung
osm-node-1070159841,Gunung Masigit,Alam,Destinasi wisata Alam di Bandung,,,-6.8125,107.585,,[],,overpass,https://www.google.com/maps/search/?api=1&query=Gunung%20Masigit%2C%20Bandung
osm-node-1070159928,Gunung Orem,Alam,Destinasi wisata Alam di Bandung,,,-6.785833,107.733333,,[],,overpass,https://www.google.com/maps/search/?api=1&query=Gunung%20Orem%2C%20Bandung
osm-node-1070160156,Pasir Cibodas,Alam,Destinasi wisata Alam di Bandung,,,-6.789444,107.468333,,[],,overpass,https://www.google.com/maps/search/?api=1&query=Pasir%20Cibodas%2C%20Bandung
osm-node-1070160164,Pasir Pari,Alam,Destinasi wisata Alam di Bandung,,,-6.989167,107.354722,,[],,overpass,https://www.google.com/maps/search/?api=1&query=Pasir%20Pari%2C%20Bandung
osm-node-1070160313,Pasir Gugunungan,Alam,Destinasi wisata Alam di Bandung,,,-6.862222,107.470278,,[],,overpass,https://www.google.com/maps/search/?api=1&query=Pasir%20Gugunungan%2C%20Bandung
osm-node-1070160350,Gunung Kancing,Alam,Destinasi wisata Alam di Bandung,,,-7.1175,107.822,,[],,overpass,https://www.google.com/maps/search/?api=1&query=Gunung%20Kancing%2C%20Bandung
osm-node-1070160596,Pasir Bojongawi,Alam,Destinasi wisata Alam di Bandung,,,-6.795556,107.484444,,[],,overpass,https://www.google.com/maps/search/?api=1&query=Pasir%20Bojongawi%2C%20Bandung
osm-node-1070160606,Gunung Cibeureum,Alam,Destinasi wisata Alam di Bandung,,,-7.179722,107.742222,,[],,overpass,https://www.google.com/maps/search/?api=1&query=Gunung%20Cibeureum%2C%20Bandung
osm-node-1070160666,Gunung Lagadar,Alam,Destinasi wisata Alam di Bandung,,,-6.923333,107.531667,,[],,overpass,https://www.google.com/maps/search/?api=1&query=Gunung%20Lagadar%2C%20Bandung
osm-node-1070160672,Pasir Batukeupeul,Alam,Destinasi wisata Alam di Bandung,,,-6.963611,107.493889,,[],,overpass,https://www.google.com/maps/search/?api=1&query=Pasir%20Batukeupeul%2C%20Bandung
osm-node-31288741,Terazza,Kuliner,Destinasi wisata Kuliner di Bandung,,,-6.8869435,107.5811614,,[],,overpass,https://www.google.com/maps/search/?api=1&query=Terazza%2C%20Bandung
osm-node-31288745,Inti Laut,Kuliner,Destinasi wisata Kuliner di Bandung,,,-6.8873695,107.5816872,,[],,overpass,https://www.google.com/maps/search/?api=1&query=Inti%20Laut%2C%20Bandung
osm-node-32041537,Grace,Kuliner,Destinasi wisata Kuliner di Bandung,,,-6.8815495,107.5944013,,[],,overpass,https://www.google.com/maps/search/?api=1&query=Grace%2C%20Bandung
osm-node-32041585,Tomodachi,Kuliner,Destinasi wisata Kuliner di Bandung,,,-6.8807109,107.5959997,,[],,overpass,https://www.google.com/maps/search/?api=1&query=Tomodachi%2C%20Bandung
osm-node-32041593,Suis Butcher Steak House,Kuliner,Destinasi wisata Kuliner di Bandung,,,-6.8715552,107.5940509,,[],,overpass,https://www.google.com/maps/search/?api=1&query=Suis%20Butcher%20Steak%20House%2C%20Bandung
osm-node-32041600,Ikan Bakar Pak Chi Met,Kuliner,Destinasi wisata Kuliner di Bandung,,,-6.8858733,107.5962969,,[],,overpass,https://www.google.com/maps/search/?api=1&query=Ikan%20Bakar%20Pak%20Chi%20Met%2C%20Bandung
osm-node-32041651,Ikan Bakar Cianjur,Kuliner,Destinasi wisata Kuliner di Bandung,,,-6.8752093,107.5964539,,[],,overpass,https://www.google.com/maps/search/?api=1&query=Ikan%20Bakar%20Cianjur%2C%20Bandung
osm-node-32041698,Ny. Suharti,Kuliner,Destinasi wisata Kuliner di Bandung,,,-6.8843694,107.6012683,,[],,overpass,https://www.google.com/maps/search/?api=1&query=Ny.%20Suharti%2C%20Bandung
osm-node-32041903,Bumbu Desa Pasir Kaliki,Kuliner,Destinasi wisata Kuliner di Bandung,,,-6.9027926,107.5978878,,[],,overpass,https://www.google.com/maps/search/?api=1&query=Bumbu%20Desa%20Pasir%20Kaliki%2C%20Bandung
osm-node-32519040,Sapu Lidi,Kuliner,Destinasi wisata Kuliner di Bandung,,,-6.8977742,107.6036158,,[],,overpass,https://www.google.com/maps/search/?api=1&query=Sapu%20Lidi%2C%20Bandung
osm-node-32519044,Raja Rasa,Kuliner,Destinasi wisata Kuliner di Bandung,,,-6.8799127,107.5838387,,[],,overpass,https://www.google.com/maps/search/?api=1&query=Raja%20Rasa%2C%20Bandung
osm-node-32519045,Oishii Steak,Kuliner,Destinasi wisata Kuliner di Bandung,,,-6.9058695,107.5931889,,[],,overpass,https://www.google.com/maps/search/?api=1&query=Oishii%20Steak%2C%20Bandung
osm-node-32519051,Dakken,Kuliner,Destinasi wisata Kuliner di Bandung,,,-6.9057417,107.6176217,,[],,overpass,https://www.google.com/maps/search/?api=1&query=Dakken%2C%20Bandung
osm-node-32519052,Dago Panyawangan,Kuliner,Destinasi wisata Kuliner di Bandung,,,-6.8914029,107.61281,,[],,overpass,https://www.google.com/maps/search/?api=1&query=Dago%20Panyawangan%2C%20Bandung
osm-node-32519055,Simpang Raya,Kuliner,Destinasi wisata Kuliner di Bandung,,,-6.8990133,107.6195912,,[],,overpass,https://www.google.com/maps/search/?api=1&query=Simpang%20Raya%2C%20Bandung
osm-node-32519340,Yoghurt Cisangkuy,Kuliner,Destinasi wisata Kuliner di Bandung,,,-6.9018456,107.6214397,,[],,overpass,https://www.google.com/maps/search/?api=1&query=Yoghurt%20Cisangkuy%2C%20Bandung
osm-node-32519342,Road Cafe,Kuliner,Destinasi wisata Kuliner di Bandung,,,-6.9055352,107.6271646,,[],,overpass,https://www.google.com/maps/search/?api=1&query=Road%20Cafe%2C%20Bandung
osm-node-32520411,Dunkin',Kuliner,Destinasi wisata Kuliner di Bandung,,,-6.9019586,107.6115579,,[],,overpass,https://www.google.com/maps/search/?api=1&query=Dunkin%27%2C%20Bandung
osm-node-479720008,Bumi Sangkuriang,Kuliner,Destinasi wisata Kuliner di Bandung,,,-6.8668218,107.6090526,,[],,overpass,https://www.google.com/maps/search/?api=1&query=Bumi%20Sangkuriang%2C%20Bandung
osm-node-1013408385,Sate Hadori,Kuliner,Destinasi wisata Kuliner di Bandung,,,-6.9154742,107.6028366,,[],,overpass,https://www.google.com/maps/search/?api=1&query=Sate%20Hadori%2C%20Bandung
osm-node-1107662817,Dunkin Donut,Kuliner,Destinasi wisata Kuliner di Bandung,,,-6.8813231,107.5815533,,[],,overpass,https://www.google.com/maps/search/?api=1&query=Dunkin%20Donut%2C%20Bandung
osm-node-1107877729,Sate Pak Ginno,Kuliner,Destinasi wisata Kuliner di Bandung,,,-6.9167625,107.6183923,,[],,overpass,https://www.google.com/maps/search/?api=1&query=Sate%20Pak%20Ginno%2C%20Bandung
osm-node-1108586477,Madthari,Kuliner,Destinasi wisata Kuliner di Bandung,,,-6.9027613,107.6104139,,[],,overpass,https://www.google.com/maps/search/?api=1&query=Madthari%2C%20Bandung
osm-node-1108586489,Sate Maulana Yusuf,Kuliner,Destinasi wisata Kuliner di Bandung,,,-6.9009918,107.6134343,,[],,overpass,https://www.google.com/maps/search/?api=1&query=Sate%20Maulana%20Yusuf%2C%20Bandung
osm-node-1158819807,Sate Karjan,Kuliner,Destinasi wisata Kuliner di Bandung,,,-6.9126453,107.5983597,,[],,overpass,https://www.google.com/maps/search/?api=1&query=Sate%20Karjan%2C%20Bandung
osm-node-1308708818,Barbar Wing's,Kuliner,Destinasi wisata Kuliner di Bandung,,,-6.898751,107.6030848,,[],,overpass,https://www.google.com/maps/search/?api=1&query=Barbar%20Wing%27s%2C%20Bandung
osm-node-1341941777,Pizza Place,Kuliner,Destinasi wisata Kuliner di Bandung,,,-6.8925163,107.6127554,,[],,overpass,https://www.google.com/maps/search/?api=1&query=Pizza%20Place%2C%20Bandung
osm-node-1341941792,dago panyawangan,Kuliner,Destinasi wisata Kuliner di Bandung,,,-6.8867215,107.6167462,,[],,overpass,https://www.google.com/maps/search/?api=1&query=dago%20panyawangan%2C%20Bandung
osm-node-1342896154,Dago Panineungan,Kuliner,Destinasi wisata Kuliner di Bandung,,,-6.8872957,107.6138988,,[],,overpass,https://www.google.com/maps/search/?api=1&query=Dago%20Panineungan%2C%20Bandung
osm-node-1346794366,B'gana restoran,Kuliner,Destinasi wisata Kuliner di Bandung,,,-6.8972541,107.6147191,,[],,overpass,https://www.google.com/maps/search/?api=1&query=B%27gana%20restoran%2C%20Bandung
osm-node-1346794387,Victoria,Kuliner,Destinasi wisata Kuliner di Bandung,,,-6.8968401,107.6152372,,[],,overpass,https://www.google.com/maps/search/?api=1&query=Victoria%2C%20Bandung
osm-node-1346794434,Mambo FoodCourt,Kuliner,Destinasi wisata Kuliner di Bandung,,,-6.8941921,107.6150603,,[],,overpass,https://www.google.com/maps/search/?api=1&query=Mambo%20FoodCourt%2C%20Bandung
osm-node-1352122684,Itenas Bandung,Kuliner,Destinasi wisata Kuliner di Bandung,,,-6.897292,107.6363552,,[],,overpass,https://www.google.com/maps/search/?api=1&query=Itenas%20Bandung%2C%20Bandung
osm-node-1383698859,Ayam Ayaman,Kuliner,Destinasi wisata Kuliner di Bandung,,,-6.8840078,107.6150326,,[],,overpass,https://www.google.com/maps/search/?api=1&query=Ayam%20Ayaman%2C%20Bandung
osm-node-1385420759,Rumah Makan Padang,Kuliner,Destinasi wisata Kuliner di Bandung,,,-6.8837407,107.6148998,,[],,overpass,https://www.google.com/maps/search/?api=1&query=Rumah%20Makan%20Padang%2C%20Bandung
osm-node-1385420953,Mas Pras,Kuliner,Destinasi wisata Kuliner di Bandung,,,-6.8854679,107.6155752,,[],,overpass,https://www.google.com/maps/search/?api=1&query=Mas%20Pras%2C%20Bandung
osm-node-1655715160,KFC,Kuliner,Destinasi wisata Kuliner di Bandung,,,-6.8682162,107.5934603,,[],,overpass,https://www.google.com/maps/search/?api=1&query=KFC%2C%20Bandung
osm-node-1655715182,Warung Surabi Setiabudhi,Kuliner,Destinasi wisata Kuliner di Bandung,,,-6.8682748,107.5938519,,[],,overpass,https://www.google.com/maps/search/?api=1&query=Warung%20Surabi%20Setiabudhi%2C%20Bandung
osm-node-1655736890,HokBen,Kuliner,Destinasi wisata Kuliner di Bandung,,,-6.8789798,107.5979852,,[],,overpass,https://www.google.com/maps/search/?api=1&query=HokBen%2C%20Bandung
osm-node-1656979199,RM Padang Mirasari,Kuliner,Destinasi wisata Kuliner di Bandung,,,-6.8823595,107.5758245,,[],,overpass,https://www.google.com/maps/search/?api=1&query=RM%20Padang%20Mirasari%2C%20Bandung
osm-node-1656979200,RM Padang Siang Malam,Kuliner,Destinasi wisata Kuliner di Bandung,,,-6.8823742,107.5762796,,[],,overpass,https://www.google.com/maps/search/?api=1&query=RM%20Padang%20Siang%20Malam%2C%20Bandung
osm-node-1657013613,RM Daun Pisang,Kuliner,Destinasi wisata Kuliner di Bandung,,,-6.873753,107.5957989,,[],,overpass,https://www.google.com/maps/search/?api=1&query=RM%20Daun%20Pisang%2C%20Bandung
osm-node-1657158617,Warung Tekko,Kuliner,Destinasi wisata Kuliner di Bandung,,,-6.8744394,107.5962776,,[],,overpass,https://www.google.com/maps/search/?api=1&query=Warung%20Tekko%2C%20Bandung
osm-node-1657158618,Kambing Bakar Cairo,Kuliner,Destinasi wisata Kuliner di Bandung,,,-6.8703438,107.5917527,,[],,overpass,https://www.google.com/maps/search/?api=1&query=Kambing%20Bakar%20Cairo%2C%20Bandung
osm-node-1657182090,KFC,Kuliner,Destinasi wisata Kuliner di Bandung,,,-6.8784018,107.5977475,,[],,overpass,https://www.google.com/maps/search/?api=1&query=KFC%2C%20Bandung
osm-node-1660110853,Pizza Hut,Kuliner,Destinasi wisata Kuliner di Bandung,,,-6.8831642,107.6025761,,[],,overpass,https://www.google.com/maps/search/?api=1&query=Pizza%20Hut%2C%20Bandung
osm-node-1666758044,RM Padang Sederhana,Kuliner,Destinasi wisata Kuliner di Bandung,,,-6.8828983,107.6005782,,[],,overpass,https://www.google.com/maps/search/?api=1&query=RM%20Padang%20Sederhana%2C%20Bandung
osm-node-1668245119,Kantin Garasi,Kuliner,Destinasi wisata Kuliner di Bandung,,,-6.8943171,107.6089129,,[],,overpass,https://www.google.com/maps/search/?api=1&query=Kantin%20Garasi%2C%20Bandung
osm-node-1676404546,Bebek Goreng H. Slamet,Kuliner,Destinasi wisata Kuliner di Bandung,,,-6.8716969,107.5941246,,[],,overpass,https://www.google.com/maps/search/?api=1&query=Bebek%20Goreng%20H.%20Slamet%2C%20Bandung
osm-node-1700556142,Ayam Cobek Langganan,Kuliner,Destinasi wisata Kuliner di Bandung,,,-6.9010333,107.6016546,,[],,overpass,https://www.google.com/maps/search/?api=1&query=Ayam%20Cobek%20Langganan%2C%20Bandung
osm-node-1746761936,Starbucks,Kuliner,Destinasi wisata Kuliner di Bandung,,,-6.8939696,107.6055017,,[],,overpass,https://www.google.com/maps/search/?api=1&query=Starbucks%2C%20Bandung
osm-node-1746761937,Bebek Crispy,Kuliner,Destinasi wisata Kuliner di Bandung,,,-6.8934997,107.6050826,,[],,overpass,https://www.google.com/maps/search/?api=1&query=Bebek%20Crispy%2C%20Bandung
osm-node-1873943402,Pempek Pak Raden,Kuliner,Destinasi wisata Kuliner di Bandung,,,-6.8825278,107.5802874,,[],,overpass,https://www.google.com/maps/search/?api=1&query=Pempek%20Pak%20Raden%2C%20Bandung
osm-node-1924435637,Roppan,Kuliner,Destinasi wisata Kuliner di Bandung,,,-6.8947619,107.6043216,,[],,overpass,https://www.google.com/maps/search/?api=1&query=Roppan%2C%20Bandung
osm-node-1924435638,KFC,Kuliner,Destinasi wisata Kuliner di Bandung,,,-6.8947276,107.6044044,,[],,overpass,https://www.google.com/maps/search/?api=1&query=KFC%2C%20Bandung
osm-node-1924435639,Wendy's,Kuliner,Destinasi wisata Kuliner di Bandung,,,-6.8942243,107.6047504,,[],,overpass,https://www.google.com/maps/search/?api=1&query=Wendy%27s%2C%20Bandung
osm-node-1924435646,BMK,Kuliner,Destinasi wisata Kuliner di Bandung,,,-6.8939367,107.6050187,,[],,overpass,https://www.google.com/maps/search/?api=1&query=BMK%2C%20Bandung
osm-node-32042055,GBIS Harmoni,Budaya,Destinasi wisata Budaya di Bandung,,,-6.9045275,107.5973424,,[],,overpass,https://www.google.com/maps/search/?api=1&query=GBIS%20Harmoni%2C%20Bandung
osm-node-32520367,Baptis Pertama,Budaya,Destinasi wisata Budaya di Bandung,,,-6.9039911,107.606358,,[],,overpass,https://www.google.com/maps/search/?api=1&query=Baptis%20Pertama%2C%20Bandung
osm-node-32520389,HKBP RE Martadinata,Budaya,Destinasi wisata Budaya di Bandung,,,-6.9089458,107.6244546,,[],,overpass,https://www.google.com/maps/search/?api=1&query=HKBP%20RE%20Martadinata%2C%20Bandung
osm-node-32529112,Baptis Indonesia,Budaya,Destinasi wisata Budaya di Bandung,,,-6.8882052,107.6019893,,[],,overpass,https://www.google.com/maps/search/?api=1&query=Baptis%20Indonesia%2C%20Bandung
osm-node-32529113,Immanuel,Budaya,Destinasi wisata Budaya di Bandung,,,-6.9100468,107.5974878,,[],,overpass,https://www.google.com/maps/search/?api=1&query=Immanuel%2C%20Bandung
osm-node-700728684,Mesjid Nuurul Falaah,Budaya,Destinasi wisata Budaya di Bandung,,,-6.883,107.5759817,,[],,overpass,https://www.google.com/maps/search/?api=1&query=Mesjid%20Nuurul%20Falaah%2C%20Bandung
osm-node-835154640,Masjid Al-Amanah GBI,Budaya,Destinasi wisata Budaya di Bandung,,,-6.97373,107.671947,,[],,overpass,https://www.google.com/maps/search/?api=1&query=Masjid%20Al-Amanah%20GBI%2C%20Bandung
osm-node-1013366303,GKI Pasteur,Budaya,Destinasi wisata Budaya di Bandung,,,-6.8999788,107.6028329,,[],,overpass,https://www.google.com/maps/search/?api=1&query=GKI%20Pasteur%2C%20Bandung
osm-node-1013403364,Monumen Purwa Aswa Purba,Budaya,Destinasi wisata Budaya di Bandung,,,-6.914874,107.6024538,,[],,overpass,https://www.google.com/maps/search/?api=1&query=Monumen%20Purwa%20Aswa%20Purba%2C%20Bandung
osm-node-1014721911,Bandung Lautan Api,Budaya,Destinasi wisata Budaya di Bandung,,,-6.9338478,107.6049198,,[],,overpass,https://www.google.com/maps/search/?api=1&query=Bandung%20Lautan%20Api%2C%20Bandung
osm-node-1352129479,Mesjid Itenas,Budaya,Destinasi wisata Budaya di Bandung,,,-6.8976443,107.6368704,,[],,overpass,https://www.google.com/maps/search/?api=1&query=Mesjid%20Itenas%2C%20Bandung
osm-node-1383647312,Mesjid,Budaya,Destinasi wisata Budaya di Bandung,,,-6.8836224,107.615204,,[],,overpass,https://www.google.com/maps/search/?api=1&query=Mesjid%2C%20Bandung
osm-node-1700852205,BDG 0,Budaya,Destinasi wisata Budaya di Bandung,,,-6.9215253,107.6110228,,[],,overpass,https://www.google.com/maps/search/?api=1&query=BDG%200%2C%20Bandung
osm-node-1708180763,KNIL monument,Budaya,Destinasi wisata Budaya di Bandung,,,-6.898894,107.5920439,,[],,overpass,https://www.google.com/maps/search/?api=1&query=KNIL%20monument%2C%20Bandung
osm-node-1774421869,Tugu Batas Bandung Barat - Subang,Budaya,Destinasi wisata Budaya di Bandung,,,-6.7739606,107.6363453,,[],,overpass,https://www.google.com/maps/search/?api=1&query=Tugu%20Batas%20Bandung%20Barat%20-%20Subang%2C%20Bandung
osm-node-1823875695,Monumen Perpamsi,Budaya,Destinasi wisata Budaya di Bandung,,,-6.9056738,107.6107164,,[],,overpass,https://www.google.com/maps/search/?api=1&query=Monumen%20Perpamsi%2C%20Bandung
osm-node-1933232484,Mesjid Pom Bensin 34-40318,Budaya,Destinasi wisata Budaya di Bandung,,,-6.8058991,107.5961251,,[],,overpass,https://www.google.com/maps/search/?api=1&query=Mesjid%20Pom%20Bensin%2034-40318%2C%20Bandung
osm-node-1934853219,Al-Ikhlas,Budaya,Destinasi wisata Budaya di Bandung,,,-6.7869157,107.6540098,,[],,overpass,https://www.google.com/maps/search/?api=1&query=Al-Ikhlas%2C%20Bandung
osm-node-1935264693,Pemakaman Muslim Kp. Cibedug Ds. Cikole,Budaya,Destinasi wisata Budaya di Bandung,,,-6.797207,107.6506911,,[],,overpass,https://www.google.com/maps/search/?api=1&query=Pemakaman%20Muslim%20Kp.%20Cibedug%20Ds.%20Cikole%2C%20Bandung
osm-node-1954844564,Mesjid al madinah,Budaya,Destinasi wisata Budaya di Bandung,,,-6.9860953,107.8468609,,[],,overpass,https://www.google.com/maps/search/?api=1&query=Mesjid%20al%20madinah%2C%20Bandung
osm-node-1960057900,Masjid Mualimin,Budaya,Destinasi wisata Budaya di Bandung,,,-6.8823749,107.6227656,,[],,overpass,https://www.google.com/maps/search/?api=1&query=Masjid%20Mualimin%2C%20Bandung
osm-node-1960084236,Masjid Al-Ihklas,Budaya,Destinasi wisata Budaya di Bandung,,,-6.8690497,107.6195548,,[],,overpass,https://www.google.com/maps/search/?api=1&query=Masjid%20Al-Ihklas%2C%20Bandung
osm-node-2016370385,Al Falah,Budaya,Destinasi wisata Budaya di Bandung,,,-6.8755931,107.5757276,,[],,overpass,https://www.google.com/maps/search/?api=1&query=Al%20Falah%2C%20Bandung
osm-node-2016372888,Nurul Huda,Budaya,Destinasi wisata Budaya di Bandung,,,-6.8778087,107.5804107,,[],,overpass,https://www.google.com/maps/search/?api=1&query=Nurul%20Huda%2C%20Bandung
osm-node-2016377081,At Taqwa,Budaya,Destinasi wisata Budaya di Bandung,,,-6.8864684,107.5826101,,[],,overpass,https://www.google.com/maps/search/?api=1&query=At%20Taqwa%2C%20Bandung
osm-node-2017007773,Al Hidayah,Budaya,Destinasi wisata Budaya di Bandung,,,-6.8953011,107.5922688,,[],,overpass,https://www.google.com/maps/search/?api=1&query=Al%20Hidayah%2C%20Bandung
osm-node-2025175545,Al-Muhajirin,Budaya,Destinasi wisata Budaya di Bandung,,,-6.944108,107.621561,,[],,overpass,https://www.google.com/maps/search/?api=1&query=Al-Muhajirin%2C%20Bandung
osm-node-2150620005,Kelenteng Satya Budhi,Budaya,Destinasi wisata Budaya di Bandung,,,-6.9177438,107.5925285,,[],,overpass,https://www.google.com/maps/search/?api=1&query=Kelenteng%20Satya%20Budhi%2C%20Bandung
osm-node-2291261475,Station Malabar,Budaya,Destinasi wisata Budaya di Bandung,,,-7.1156713,107.6061926,,[],,overpass,https://www.google.com/maps/search/?api=1&query=Station%20Malabar%2C%20Bandung
osm-node-2361173229,Mesjid Jami Daarul Amin,Budaya,Destinasi wisata Budaya di Bandung,,,-7.2439755,107.8769173,,[],,overpass,https://www.google.com/maps/search/?api=1&query=Mesjid%20Jami%20Daarul%20Amin%2C%20Bandung
osm-node-2456910183,Masjid Banjaran,Budaya,Destinasi wisata Budaya di Bandung,,,-7.0483657,107.5882205,,[],,overpass,https://www.google.com/maps/search/?api=1&query=Masjid%20Banjaran%2C%20Bandung
osm-node-2490687060,Alpha Omega,Budaya,Destinasi wisata Budaya di Bandung,,,-6.9227204,107.619195,,[],,overpass,https://www.google.com/maps/search/?api=1&query=Alpha%20Omega%2C%20Bandung
osm-node-2495896306,Gereja Isa Almasih,Budaya,Destinasi wisata Budaya di Bandung,,,-6.926086,107.6378202,,[],,overpass,https://www.google.com/maps/search/?api=1&query=Gereja%20Isa%20Almasih%2C%20Bandung
osm-node-2497013445,Masjid Persis Viaduct,Budaya,Destinasi wisata Budaya di Bandung,,,-6.9147703,107.6076633,,[],,overpass,https://www.google.com/maps/search/?api=1&query=Masjid%20Persis%20Viaduct%2C%20Bandung
osm-node-2500454839,Graf van de onbekende soldaat en onbekende burger,Budaya,Destinasi wisata Budaya di Bandung,,,-6.9005172,107.5921261,,[],,overpass,https://www.google.com/maps/search/?api=1&query=Graf%20van%20de%20onbekende%20soldaat%20en%20onbekende%20burger%2C%20Bandung
osm-node-2749677041,Masjid Besar Kaum Ujungberung,Budaya,Destinasi wisata Budaya di Bandung,,,-6.9136542,107.7008525,,[],,overpass,https://www.google.com/maps/search/?api=1&query=Masjid%20Besar%20Kaum%20Ujungberung%2C%20Bandung
osm-node-2928627066,Masjid Al-Jihad,Budaya,Destinasi wisata Budaya di Bandung,,,-6.8727918,107.5340773,,[],,overpass,https://www.google.com/maps/search/?api=1&query=Masjid%20Al-Jihad%2C%20Bandung
osm-node-2941931819,Masijid,Budaya,Destinasi wisata Budaya di Bandung,,,-6.9232902,107.5998581,,[],,overpass,https://www.google.com/maps/search/?api=1&query=Masijid%2C%20Bandung
osm-node-2962183783,Mesjid Al-Muhajirin,Budaya,Destinasi wisata Budaya di Bandung,,,-6.9164836,107.4978707,,[],,overpass,https://www.google.com/maps/search/?api=1&query=Mesjid%20Al-Muhajirin%2C%20Bandung
osm-node-3067981069,Masjid Nurul Iman,Budaya,Destinasi wisata Budaya di Bandung,,,-6.8965251,107.6069103,,[],,overpass,https://www.google.com/maps/search/?api=1&query=Masjid%20Nurul%20Iman%2C%20Bandung
osm-node-3074883001,Daaruddakwah,Budaya,Destinasi wisata Budaya di Bandung,,,-6.8959711,107.6075777,,[],,overpass,https://www.google.com/maps/search/?api=1&query=Daaruddakwah%2C%20Bandung
osm-node-3078324992,Al Bayyinah,Budaya,Destinasi wisata Budaya di Bandung,,,-6.895273,107.6083132,,[],,overpass,https://www.google.com/maps/search/?api=1&query=Al%20Bayyinah%2C%20Bandung
osm-node-3078337783,Al Ikhlas,Budaya,Destinasi wisata Budaya di Bandung,,,-6.8950919,107.6080705,,[],,overpass,https://www.google.com/maps/search/?api=1&query=Al%20Ikhlas%2C%20Bandung
osm-node-3078356567,Jihadul Wasilah,Budaya,Destinasi wisata Budaya di Bandung,,,-6.9003138,107.6088588,,[],,overpass,https://www.google.com/maps/search/?api=1&query=Jihadul%20Wasilah%2C%20Bandung
osm-node-3104964229,Masjid Al-Haq,Budaya,Destinasi wisata Budaya di Bandung,,,-6.8922406,107.5983313,,[],,overpass,https://www.google.com/maps/search/?api=1&query=Masjid%20Al-Haq%2C%20Bandung
osm-node-3128774234,Husein Sastranegana,Budaya,Destinasi wisata Budaya di Bandung,,,-6.9067721,107.5873489,,[],,overpass,https://www.google.com/maps/search/?api=1&query=Husein%20Sastranegana%2C%20Bandung
osm-node-3219827809,Mesjid,Budaya,Destinasi wisata Budaya di Bandung,,,-6.8925933,107.7643176,,[],,overpass,https://www.google.com/maps/search/?api=1&query=Mesjid%2C%20Bandung
osm-node-535296011,Lebakjero,Wisata,Destinasi wisata Wisata di Bandung,,,-7.053697,107.8939262,,[],,overpass,https://www.google.com/maps/search/?api=1&query=Lebakjero%2C%20Bandung
osm-node-1116346985,Hot Springs,Wisata,Destinasi wisata Wisata di Bandung,,,-6.7614313,107.6259079,,[],,overpass,https://www.google.com/maps/search/?api=1&query=Hot%20Springs%2C%20Bandung
osm-node-3754824465,Kopi Aroma,Wisata,Destinasi wisata Wisata di Bandung,,,-6.9174718,107.6062699,,[],,overpass,https://www.google.com/maps/search/?api=1&query=Kopi%20Aroma%2C%20Bandung
osm-node-4247874332,Curug Bugbrug,Wisata,Destinasi wisata Wisata di Bandung,,,-6.7922202,107.5801987,,[],,overpass,https://www.google.com/maps/search/?api=1&query=Curug%20Bugbrug%2C%20Bandung
osm-node-4262315119,Situ Patengan,Wisata,Destinasi wisata Wisata di Bandung,,,-7.1637986,107.3590194,,[],,overpass,https://www.google.com/maps/search/?api=1&query=Situ%20Patengan%2C%20Bandung
osm-node-4262417104,Kampung Gajah Wonderland,Wisata,Destinasi wisata Wisata di Bandung,,,-6.8295078,107.5965635,,[],,overpass,https://www.google.com/maps/search/?api=1&query=Kampung%20Gajah%20Wonderland%2C%20Bandung
osm-node-4338249203,Iris Garden,Wisata,Destinasi wisata Wisata di Bandung,,,-6.9633866,107.6262382,,[],,overpass,https://www.google.com/maps/search/?api=1&query=Iris%20Garden%2C%20Bandung
osm-node-4412879096,Charred Forest,Wisata,Destinasi wisata Wisata di Bandung,,,-6.7621104,107.61735,,[],,overpass,https://www.google.com/maps/search/?api=1&query=Charred%20Forest%2C%20Bandung
osm-node-4412879097,De Ranch,Wisata,Destinasi wisata Wisata di Bandung,,,-6.8159994,107.62646,,[],,overpass,https://www.google.com/maps/search/?api=1&query=De%20Ranch%2C%20Bandung
osm-node-4412879696,Kawah Ratu,Wisata,Destinasi wisata Wisata di Bandung,,,-6.7583792,107.6155575,,[],,overpass,https://www.google.com/maps/search/?api=1&query=Kawah%20Ratu%2C%20Bandung
osm-node-5312537881,Pintu Masuk Forest Walk Babakan Siliwangi,Wisata,Destinasi wisata Wisata di Bandung,,,-6.8852505,107.6097305,,[],,overpass,https://www.google.com/maps/search/?api=1&query=Pintu%20Masuk%20Forest%20Walk%20Babakan%20Siliwangi%2C%20Bandung
osm-node-5503920859,Sumur Bandung,Wisata,Destinasi wisata Wisata di Bandung,,,-6.9207697,107.6085001,,[],,overpass,https://www.google.com/maps/search/?api=1&query=Sumur%20Bandung%2C%20Bandung
osm-node-5555926121,Tea plantations,Wisata,Destinasi wisata Wisata di Bandung,,,-7.1496115,107.3797677,,[],,overpass,https://www.google.com/maps/search/?api=1&query=Tea%20plantations%2C%20Bandung
osm-node-5595533943,Kampung Gajah,Wisata,Destinasi wisata Wisata di Bandung,,,-6.8295623,107.5965431,,[],,overpass,https://www.google.com/maps/search/?api=1&query=Kampung%20Gajah%2C%20Bandung
osm-node-5686426821,Shoes and bags shopping street,Wisata,Destinasi wisata Wisata di Bandung,,,-6.9492258,107.5940721,,[],,overpass,https://www.google.com/maps/search/?api=1&query=Shoes%20and%20bags%20shopping%20street%2C%20Bandung
osm-node-5752129921,Tea Plantations,Wisata,Destinasi wisata Wisata di Bandung,,,-6.7549629,107.6512691,,[],,overpass,https://www.google.com/maps/search/?api=1&query=Tea%20Plantations%2C%20Bandung
osm-node-5808405554,Tree Top Adventure Park,Wisata,Destinasi wisata Wisata di Bandung,,,-6.7821577,107.6499872,,[],,overpass,https://www.google.com/maps/search/?api=1&query=Tree%20Top%20Adventure%20Park%2C%20Bandung
osm-node-5834168689,Maribaja Natural Hot Spring Resort,Wisata,Destinasi wisata Wisata di Bandung,,,-6.8305355,107.6548873,,[],,overpass,https://www.google.com/maps/search/?api=1&query=Maribaja%20Natural%20Hot%20Spring%20Resort%2C%20Bandung
osm-node-5902886485,kawah Cibuni Rengganis,Wisata,Destinasi wisata Wisata di Bandung,,,-7.1739727,107.3746848,,[],,overpass,https://www.google.com/maps/search/?api=1&query=kawah%20Cibuni%20Rengganis%2C%20Bandung
osm-node-6149684552,Dago Car Free Day,Wisata,Destinasi wisata Wisata di Bandung,,,-6.8982253,107.6128252,,[],,overpass,https://www.google.com/maps/search/?api=1&query=Dago%20Car%20Free%20Day%2C%20Bandung
osm-node-6418849587,Rumah Miring,Wisata,Destinasi wisata Wisata di Bandung,,,-6.8437773,107.6321737,,[],,overpass,https://www.google.com/maps/search/?api=1&query=Rumah%20Miring%2C%20Bandung
osm-node-6418849594,Pusat Konservasi Elang Kamojang,Wisata,Destinasi wisata Wisata di Bandung,,,-7.1681482,107.7999159,,[],,overpass,https://www.google.com/maps/search/?api=1&query=Pusat%20Konservasi%20Elang%20Kamojang%2C%20Bandung
osm-node-7276735685,"Happy Fam, Ciwidey",Wisata,Destinasi wisata Wisata di Bandung,,,-7.1146462,107.4382301,,[],,overpass,https://www.google.com/maps/search/?api=1&query=Happy%20Fam%2C%20Ciwidey%2C%20Bandung
osm-node-7291289485,D'Deuland,Wisata,Destinasi wisata Wisata di Bandung,,,-6.8430581,107.6222215,,[],,overpass,https://www.google.com/maps/search/?api=1&query=D%27Deuland%2C%20Bandung
osm-node-9938445753,Kampung Korea Bandung,Wisata,Destinasi wisata Wisata di Bandung,,,-6.9155688,107.6406431,,[],,overpass,https://www.google.com/maps/search/?api=1&query=Kampung%20Korea%20Bandung%2C%20Bandung
osm-node-10793588346,Kutipan Pidi Baiq,Wisata,Destinasi wisata Wisata di Bandung,,,-6.9211786,107.6079663,,[],,overpass,https://www.google.com/maps/search/?api=1&query=Kutipan%20Pidi%20Baiq%2C%20Bandung
osm-node-10793588347,Kutipan M.A.W. Brouwer,Wisata,Destinasi wisata Wisata di Bandung,,,-6.9213235,107.6079412,,[],,overpass,https://www.google.com/maps/search/?api=1&query=Kutipan%20M.A.W.%20Brouwer%2C%20Bandung
osm-node-11005677505,lembang fault,Wisata,Destinasi wisata Wisata di Bandung,,,-6.8302444,107.6361185,,[],,overpass,https://www.google.com/maps/search/?api=1&query=lembang%20fault%2C%20Bandung
osm-node-11009505105,Gunung Putri parking,Wisata,Destinasi wisata Wisata di Bandung,,,-6.8004173,107.6336923,,[],,overpass,https://www.google.com/maps/search/?api=1&query=Gunung%20Putri%20parking%2C%20Bandung
osm-node-11056182123,Fairy Garden by The Lodge,Wisata,Destinasi wisata Wisata di Bandung,,,-6.8233175,107.6886132,,[],,overpass,https://www.google.com/maps/search/?api=1&query=Fairy%20Garden%20by%20The%20Lodge%2C%20Bandung
osm-node-11064992945,Lengkong Night Street Food,Wisata,Destinasi wisata Wisata di Bandung,,,-6.9232638,107.6134721,,[],,overpass,https://www.google.com/maps/search/?api=1&query=Lengkong%20Night%20Street%20Food%2C%20Bandung
osm-node-11415319631,Saritem Redlight Disrtict,Wisata,Destinasi wisata Wisata di Bandung,,,-6.9179729,107.5976408,,[],,overpass,https://www.google.com/maps/search/?api=1&query=Saritem%20Redlight%20Disrtict%2C%20Bandung
osm-node-11865789569,Kebun Teh Ciater - Subang,Wisata,Destinasi wisata Wisata di Bandung,,,-6.7720193,107.6368993,,[],,overpass,https://www.google.com/maps/search/?api=1&query=Kebun%20Teh%20Ciater%20-%20Subang%2C%20Bandung
osm-node-12056482189,Kawah Upas,Wisata,Destinasi wisata Wisata di Bandung,,,-6.7593176,107.6099904,,[],,overpass,https://www.google.com/maps/search/?api=1&query=Kawah%20Upas%2C%20Bandung
osm-node-12064456186,PTDI Factory tour Bandros start,Wisata,Destinasi wisata Wisata di Bandung,,,-6.9018405,107.58486,,[],,overpass,https://www.google.com/maps/search/?api=1&query=PTDI%20Factory%20tour%20Bandros%20start%2C%20Bandung
osm-node-12090565556,Dunia Antariksa,Wisata,Destinasi wisata Wisata di Bandung,,,-6.8877461,107.5958408,,[],,overpass,https://www.google.com/maps/search/?api=1&query=Dunia%20Antariksa%2C%20Bandung
osm-node-12180637363,Batu Batik,Wisata,Destinasi wisata Wisata di Bandung,,,-6.8408239,107.6528393,,[],,overpass,https://www.google.com/maps/search/?api=1&query=Batu%20Batik%2C%20Bandung
osm-node-12424656189,Penangkaran Rusa,Wisata,Destinasi wisata Wisata di Bandung,,,-7.1369458,107.3926341,,[],,overpass,https://www.google.com/maps/search/?api=1&query=Penangkaran%20Rusa%2C%20Bandung
osm-node-12917292001,Situ cigandawesi,Wisata,Destinasi wisata Wisata di Bandung,,,-7.0901598,107.5160944,,[],,overpass,https://www.google.com/maps/search/?api=1&query=Situ%20cigandawesi%2C%20Bandung
osm-node-13320300601,Taman Lembah Dewata,Wisata,Destinasi wisata Wisata di Bandung,,,-6.8115695,107.6428718,,[],,overpass,https://www.google.com/maps/search/?api=1&query=Taman%20Lembah%20Dewata%2C%20Bandung
osm-node-13535911147,Lost in Clay,Wisata,Destinasi wisata Wisata di Bandung,,,-6.884874,107.6107019,,[],,overpass,https://www.google.com/maps/search/?api=1&query=Lost%20in%20Clay%2C%20Bandung
osm-node-13784570601,Rafflesia Park G-Land Ciwastra Park,Wisata,Destinasi wisata Wisata di Bandung,,,-6.9699653,107.6639249,,[],,overpass,https://www.google.com/maps/search/?api=1&query=Rafflesia%20Park%20G-Land%20Ciwastra%20Park%2C%20Bandung
osm-node-13833591395,Hutan Mycelia Wahana Edukasi & Interaktif,Wisata,Destinasi wisata Wisata di Bandung,,,-6.7852335,107.6519231,,[],,overpass,https://www.google.com/maps/search/?api=1&query=Hutan%20Mycelia%20Wahana%20Edukasi%20%26%20Interaktif%2C%20Bandung
osm-node-13833603042,The Nice Park Bandung,Wisata,Destinasi wisata Wisata di Bandung,,,-6.8234956,107.5554305,,[],,overpass,https://www.google.com/maps/search/?api=1&query=The%20Nice%20Park%20Bandung%2C%20Bandung
osm-way-154007026,Taman Lalu Lintas Ade Irma Suryani,Wisata,Destinasi wisata Wisata di Bandung,,,-6.9112176,107.6134405,,[],,overpass,https://www.google.com/maps/search/?api=1&query=Taman%20Lalu%20Lintas%20Ade%20Irma%20Suryani%2C%20Bandung
osm-way-183130953,GHL,Wisata,Destinasi wisata Wisata di Bandung,,,-6.8167474,107.615527,,[],,overpass,https://www.google.com/maps/search/?api=1&query=GHL%2C%20Bandung
osm-way-185930431,Taman RW 13,Wisata,Destinasi wisata Wisata di Bandung,,,-6.9604761,107.6518295,,[],,overpass,https://www.google.com/maps/search/?api=1&query=Taman%20RW%2013%2C%20Bandung
osm-node-29391283,Setrasari Mall,Belanja,Destinasi wisata Belanja di Bandung,,,-6.8807039,107.5829931,,[],,overpass,https://www.google.com/maps/search/?api=1&query=Setrasari%20Mall%2C%20Bandung
osm-node-1342928034,Pasar Tradisional Simpang Dago,Belanja,Destinasi wisata Belanja di Bandung,,,-6.8847502,107.6139584,,[],,overpass,https://www.google.com/maps/search/?api=1&query=Pasar%20Tradisional%20Simpang%20Dago%2C%20Bandung
osm-node-1870972248,Pasar Sarijadi,Belanja,Destinasi wisata Belanja di Bandung,,,-6.8839529,107.5749695,,[],,overpass,https://www.google.com/maps/search/?api=1&query=Pasar%20Sarijadi%2C%20Bandung
osm-node-3426585963,Griya Grand,Belanja,Destinasi wisata Belanja di Bandung,,,-6.9379725,107.7340642,,[],,overpass,https://www.google.com/maps/search/?api=1&query=Griya%20Grand%2C%20Bandung
osm-node-4256167391,Braga Citywalk,Belanja,Destinasi wisata Belanja di Bandung,,,-6.9170486,107.6084817,,[],,overpass,https://www.google.com/maps/search/?api=1&query=Braga%20Citywalk%2C%20Bandung
osm-node-4365707543,Pasar Baru Square,Belanja,Destinasi wisata Belanja di Bandung,,,-6.9175221,107.6049259,,[],,overpass,https://www.google.com/maps/search/?api=1&query=Pasar%20Baru%20Square%2C%20Bandung
osm-node-5713318396,Several souvenir shops,Belanja,Destinasi wisata Belanja di Bandung,,,-6.7611253,107.6179246,,[],,overpass,https://www.google.com/maps/search/?api=1&query=Several%20souvenir%20shops%2C%20Bandung
osm-node-5809461697,Pasar Baleendah,Belanja,Destinasi wisata Belanja di Bandung,,,-7.0000343,107.6299812,,[],,overpass,https://www.google.com/maps/search/?api=1&query=Pasar%20Baleendah%2C%20Bandung
osm-node-5825103077,Ujung Berung Town Square,Belanja,Destinasi wisata Belanja di Bandung,,,-6.9151788,107.6964906,,[],,overpass,https://www.google.com/maps/search/?api=1&query=Ujung%20Berung%20Town%20Square%2C%20Bandung
osm-node-5825155308,Ubertos Mall,Belanja,Destinasi wisata Belanja di Bandung,,,-6.9156817,107.6966507,,[],,overpass,https://www.google.com/maps/search/?api=1&query=Ubertos%20Mall%2C%20Bandung
osm-node-6161545003,Car boot sale,Belanja,Destinasi wisata Belanja di Bandung,,,-6.9013053,107.6228683,,[],,overpass,https://www.google.com/maps/search/?api=1&query=Car%20boot%20sale%2C%20Bandung
osm-node-8062446525,Graha Putra Business Centre,Belanja,Destinasi wisata Belanja di Bandung,,,-6.8965777,107.6169817,,[],,overpass,https://www.google.com/maps/search/?api=1&query=Graha%20Putra%20Business%20Centre%2C%20Bandung
osm-node-9740609729,Pasar Andir,Belanja,Destinasi wisata Belanja di Bandung,,,-6.9191338,107.5906952,,[],,overpass,https://www.google.com/maps/search/?api=1&query=Pasar%20Andir%2C%20Bandung
osm-node-9756255541,Pasar Tradisional Haurmekar,Belanja,Destinasi wisata Belanja di Bandung,,,-6.8937486,107.6192501,,[],,overpass,https://www.google.com/maps/search/?api=1&query=Pasar%20Tradisional%20Haurmekar%2C%20Bandung
osm-node-9759461431,Pasar Simpang Dago,Belanja,Destinasi wisata Belanja di Bandung,,,-6.8844672,107.614021,,[],,overpass,https://www.google.com/maps/search/?api=1&query=Pasar%20Simpang%20Dago%2C%20Bandung
osm-node-9805527690,Pasar Cangkring,Belanja,Destinasi wisata Belanja di Bandung,,,-6.9235336,107.5815036,,[],,overpass,https://www.google.com/maps/search/?api=1&query=Pasar%20Cangkring%2C%20Bandung
osm-node-9816226618,Pasar Rancabentang,Belanja,Destinasi wisata Belanja di Bandung,,,-6.9056905,107.5590491,,[],,overpass,https://www.google.com/maps/search/?api=1&query=Pasar%20Rancabentang%2C%20Bandung
osm-node-9819588200,Pasar Cimindi Cimahi,Belanja,Destinasi wisata Belanja di Bandung,,,-6.8980198,107.5562295,,[],,overpass,https://www.google.com/maps/search/?api=1&query=Pasar%20Cimindi%20Cimahi%2C%20Bandung
osm-node-10006692431,Pasar Cijerah,Belanja,Destinasi wisata Belanja di Bandung,,,-6.9267617,107.5650317,,[],,overpass,https://www.google.com/maps/search/?api=1&query=Pasar%20Cijerah%2C%20Bandung
osm-node-10799659234,Pasar Babakan Surabaya,Belanja,Destinasi wisata Belanja di Bandung,,,-6.9106558,107.6438066,,[],,overpass,https://www.google.com/maps/search/?api=1&query=Pasar%20Babakan%20Surabaya%2C%20Bandung
osm-node-10799672871,Pasar Montana,Belanja,Destinasi wisata Belanja di Bandung,,,-6.9417201,107.6070312,,[],,overpass,https://www.google.com/maps/search/?api=1&query=Pasar%20Montana%2C%20Bandung
osm-node-11023747060,Alfamart,Belanja,Destinasi wisata Belanja di Bandung,,,-6.9038234,107.8284868,,[],,overpass,https://www.google.com/maps/search/?api=1&query=Alfamart%2C%20Bandung
osm-node-11064427820,Cicadas market,Belanja,Destinasi wisata Belanja di Bandung,,,-6.9095978,107.6415259,,[],,overpass,https://www.google.com/maps/search/?api=1&query=Cicadas%20market%2C%20Bandung
osm-way-32388775,Istana Plaza,Belanja,Destinasi wisata Belanja di Bandung,,,-6.9058784,107.5969081,,[],,overpass,https://www.google.com/maps/search/?api=1&query=Istana%20Plaza%2C%20Bandung
osm-way-119755867,Bandung Indah Plaza,Belanja,Destinasi wisata Belanja di Bandung,,,-6.9085782,107.6113559,,[],,overpass,https://www.google.com/maps/search/?api=1&query=Bandung%20Indah%20Plaza%2C%20Bandung
osm-way-153517672,Balubur Town Square,Belanja,Destinasi wisata Belanja di Bandung,,,-6.8987228,107.6084717,,[],,overpass,https://www.google.com/maps/search/?api=1&query=Balubur%20Town%20Square%2C%20Bandung
osm-way-154174787,Lucky Square,Belanja,Destinasi wisata Belanja di Bandung,,,-6.9141919,107.6447955,,[],,overpass,https://www.google.com/maps/search/?api=1&query=Lucky%20Square%2C%20Bandung
osm-way-157803722,Promenade,Belanja,Destinasi wisata Belanja di Bandung,,,-6.8969681,107.6034135,,[],,overpass,https://www.google.com/maps/search/?api=1&query=Promenade%2C%20Bandung
osm-way-168943533,Grand Tjokro Bandung,Belanja,Destinasi wisata Belanja di Bandung,,,-6.8861889,107.6039398,,[],,overpass,https://www.google.com/maps/search/?api=1&query=Grand%20Tjokro%20Bandung%2C%20Bandung
osm-way-183364171,Kosambi Plaza,Belanja,Destinasi wisata Belanja di Bandung,,,-6.9192378,107.6220993,,[],,overpass,https://www.google.com/maps/search/?api=1&query=Kosambi%20Plaza%2C%20Bandung
osm-way-194733881,Plaza Parahyangan,Belanja,Destinasi wisata Belanja di Bandung,,,-6.9226249,107.6060483,,[],,overpass,https://www.google.com/maps/search/?api=1&query=Plaza%20Parahyangan%2C%20Bandung
osm-way-194733886,Grand Yogya Kepatihan,Belanja,Destinasi wisata Belanja di Bandung,,,-6.9237376,107.60561,,[],,overpass,https://www.google.com/maps/search/?api=1&query=Grand%20Yogya%20Kepatihan%2C%20Bandung
osm-way-244694105,Griya Antapani,Belanja,Destinasi wisata Belanja di Bandung,,,-6.9173966,107.6559395,,[],,overpass,https://www.google.com/maps/search/?api=1&query=Griya%20Antapani%2C%20Bandung
osm-way-263441111,Heritage The Factory Outlet,Belanja,Destinasi wisata Belanja di Bandung,,,-6.9056854,107.6170441,,[],,overpass,https://www.google.com/maps/search/?api=1&query=Heritage%20The%20Factory%20Outlet%2C%20Bandung
osm-way-299115662,Vega Game Store,Belanja,Destinasi wisata Belanja di Bandung,,,-6.9015016,107.6107244,,[],,overpass,https://www.google.com/maps/search/?api=1&query=Vega%20Game%20Store%2C%20Bandung
osm-way-304171858,Bandung Trade Mall,Belanja,Destinasi wisata Belanja di Bandung,,,-6.9114932,107.6443373,,[],,overpass,https://www.google.com/maps/search/?api=1&query=Bandung%20Trade%20Mall%2C%20Bandung
osm-way-320616650,Plaza IBCC,Belanja,Destinasi wisata Belanja di Bandung,,,-6.9153192,107.6340881,,[],,overpass,https://www.google.com/maps/search/?api=1&query=Plaza%20IBCC%2C%20Bandung
osm-way-369615594,Borma Dept Store,Belanja,Destinasi wisata Belanja di Bandung,,,-6.8729323,107.5535735,,[],,overpass,https://www.google.com/maps/search/?api=1&query=Borma%20Dept%20Store%2C%20Bandung
osm-way-369620216,Cimahi Mall,Belanja,Destinasi wisata Belanja di Bandung,,,-6.8784237,107.5395923,,[],,overpass,https://www.google.com/maps/search/?api=1&query=Cimahi%20Mall%2C%20Bandung
osm-way-421576695,King's Mall,Belanja,Destinasi wisata Belanja di Bandung,,,-6.9227088,107.6049993,,[],,overpass,https://www.google.com/maps/search/?api=1&query=King%27s%20Mall%2C%20Bandung
osm-way-498744866,Istana BEC,Belanja,Destinasi wisata Belanja di Bandung,,,-6.9082343,107.608936,,[],,overpass,https://www.google.com/maps/search/?api=1&query=Istana%20BEC%2C%20Bandung
osm-way-547901450,Living Plaza,Belanja,Destinasi wisata Belanja di Bandung,,,-6.9008704,107.6116434,,[],,overpass,https://www.google.com/maps/search/?api=1&query=Living%20Plaza%2C%20Bandung
osm-way-608601118,Mall Festival Citylink,Belanja,Destinasi wisata Belanja di Bandung,,,-6.929626,107.5863979,,[],,overpass,https://www.google.com/maps/search/?api=1&query=Mall%20Festival%20Citylink%2C%20Bandung
osm-way-634325162,Borma Toserba Cijerah,Belanja,Destinasi wisata Belanja di Bandung,,,-6.9197279,107.5695491,,[],,overpass,https://www.google.com/maps/search/?api=1&query=Borma%20Toserba%20Cijerah%2C%20Bandung
osm-way-636169230,Bandung Trade Center,Belanja,Destinasi wisata Belanja di Bandung,,,-6.8933798,107.5849265,,[],,overpass,https://www.google.com/maps/search/?api=1&query=Bandung%20Trade%20Center%2C%20Bandung
osm-way-747917818,Riau Junction,Belanja,Destinasi wisata Belanja di Bandung,,,-6.9065976,107.6122806,,[],,overpass,https://www.google.com/maps/search/?api=1&query=Riau%20Junction%2C%20Bandung
osm-way-777207339,Miko Mall,Belanja,Destinasi wisata Belanja di Bandung,,,-6.9602077,107.5811206,,[],,overpass,https://www.google.com/maps/search/?api=1&query=Miko%20Mall%2C%20Bandung
osm-way-784661445,Living Plaza,Belanja,Destinasi wisata Belanja di Bandung,,,-6.9060235,107.5978697,,[],,overpass,https://www.google.com/maps/search/?api=1&query=Living%20Plaza%2C%20Bandung
osm-way-833678209,Transmart,Belanja,Destinasi wisata Belanja di Bandung,,,-6.9670244,107.6387115,,[],,overpass,https://www.google.com/maps/search/?api=1&query=Transmart%2C%20Bandung
osm-way-951465925,Piset Square,Belanja,Destinasi wisata Belanja di Bandung,,,-6.9345355,107.6259694,,[],,overpass,https://www.google.com/maps/search/?api=1&query=Piset%20Square%2C%20Bandung
osm-way-1211517435,Metro Indah Mall,Belanja,Destinasi wisata Belanja di Bandung,,,-6.9426615,107.6587387,,[],,overpass,https://www.google.com/maps/search/?api=1&query=Metro%20Indah%20Mall%2C%20Bandung
osm-way-1327153222,Thee Matic Mall Majalaya,Belanja,Destinasi wisata Belanja di Bandung,,,-7.0266218,107.7515582,,[],,overpass,https://www.google.com/maps/search/?api=1&query=Thee%20Matic%20Mall%20Majalaya%2C%20Bandung
osm-way-1421301092,Hejo Square,Belanja,Destinasi wisata Belanja di Bandung,,,-6.8670189,107.4645934,,[],,overpass,https://www.google.com/maps/search/?api=1&query=Hejo%20Square%2C%20Bandung
